id,category,category_label,provenance,prompt,expected_answer,accepted_variants,common_wrong_answer,rationale,failure_mode
GG-01,GG,Goal grounding / means-end reasoning,sourced/inspired,I want to wash my car. The car wash is only 100 metres away. Should I drive there or walk?,Drive there. The car is the thing that needs to reach the car wash.,Drive there. | Take the car there.,Walk there because it is only 100 metres.,"The service applies to the car, so the car must be brought to the destination.",Optimises for human walking distance instead of the task goal.
GG-02,GG,Goal grounding / means-end reasoning,drafted,"I need to pick up my car from the mechanic, and the mechanic is 200 metres away. Should I walk there or drive there?","Walk there, then drive back.",Walk there and drive back. | Go on foot to collect the car.,Drive there because driving is faster.,"The car is already at the mechanic, so driving your current car there solves nothing.",Ignores where the needed object currently is.
GG-03,GG,Goal grounding / means-end reasoning,drafted,I want to get my coat dry-cleaned. The dry cleaner is across the street. Should I walk there first and come back for the coat if the line is short?,Bring the coat with you now.,Take the coat with you. | Bring the coat on the first trip. | Bring the coat with you. | Bring the coat with you on the first trip.,"Go check first, then decide whether to fetch the coat.","The coat is the thing that needs the service, so separating the trip from the object is inefficient and misses the task.",Splits the logistics from the goal object.
GG-04,GG,Goal grounding / means-end reasoning,drafted,I need a copy of my house key made. The locksmith is one block away. Should I leave the key at home and ask whether they can copy it?,Bring the key.,Take the key with you. | Bring the original key to the locksmith.,Ask first and go back for the key later.,A copy cannot be made without the key being present.,Answers a planning subproblem instead of the real task.
GG-05,GG,Goal grounding / means-end reasoning,drafted,My bicycle has a completely flat tyre and the repair shop is 100 metres away. Should I ride it there or walk it there?,Walk it there.,Walk the bike there. | Push it there instead of riding it.,Ride it because the shop is very close.,A completely flat tyre makes riding impractical and risks damaging the bike.,Optimises for speed while ignoring the stated constraint.
GG-06,GG,Goal grounding / means-end reasoning,drafted,I need to mail a parcel at the post office 300 metres away. Should I carry the parcel there or leave it at home while I first ask whether they can mail parcels?,Carry the parcel there.,Bring the parcel. | Take the parcel with you. | Carry the parcel with you.,Go empty-handed first and ask.,"The post office obviously mails parcels, and the parcel is required for the task.",Treats the service destination as if its function were uncertain.
GG-07,GG,Goal grounding / means-end reasoning,drafted,I want to refill my water bottle at the tap downstairs. Should I bring the bottle or go downstairs empty-handed first?,Bring the bottle.,Take the bottle downstairs. | Bring it with you.,Go empty-handed first because the tap is nearby.,The bottle is the thing that needs filling.,Misses the relationship between goal and object.
GG-08,GG,Goal grounding / means-end reasoning,drafted,My watch battery died and the jeweller next door replaces watch batteries. Should I take the watch with me or just describe it?,Take the watch with you.,Bring the watch. | Take the actual watch to the jeweller.,Describe it first and return later with the watch.,"Battery replacement is performed on the watch itself, not from a description.",Answers around the task instead of completing it.
CR-01,CR,Classic-riddle override / anti-pattern-match,sourced,"A farmer wants to cross a river with a wolf, a goat, and a cabbage. He has a boat with three secure separate compartments. How does he get them all across without anything being eaten?",Put all three in the separate compartments and cross once.,"Take all three across in one trip. | Load all three safely and cross once. | Put all three in separate compartments and cross once. | Put the wolf, goat, and cabbage in separate compartments and cross once.",Use the classic multi-trip wolf-goat-cabbage solution.,The secure compartments remove the original constraint that makes the classic riddle hard.,Overfits to the memorised classic riddle instead of the modified setup.
CR-02,CR,Classic-riddle override / anti-pattern-match,sourced,You have six horses and want to know which is fastest. What is the best way to do it?,Race all six together once.,Run one race with all six horses. | Race them all at the same time. | Race all six horses together. | Race all six horses together once.,"Race them in groups, then race the winners.","The prompt gives no lane or grouping constraint, so one race is sufficient.",Hallucinates a missing constraint from a familiar puzzle pattern.
CR-03,CR,Classic-riddle override / anti-pattern-match,sourced,Alan is on Bob’s immediate left. Bob is on Colin’s immediate left. Colin is on Dave’s immediate left. Dave is on Emily’s immediate left. Who is on Alan’s immediate right?,Bob.,Bob is on Alan's immediate right. | It is Bob.,Emily.,The first clause already implies that Bob is immediately to Alan's right.,Overcomplicates a question whose answer is locally available.
CR-04,CR,Classic-riddle override / anti-pattern-match,sourced,"In Russian roulette with a six-shooter, five bullets are loaded, the chambers are spun, and a trigger pull clicks on an empty chamber. Before the next shot at you, should the chambers be spun again?","Yes, spin again. Without spinning, the next chamber will contain a bullet.","Yes, spin again. | Re-spin the chambers before the next shot.",It makes no difference whether you spin again.,"Once the empty chamber has just been used, the next chamber in sequence is no longer equally likely to be empty.","Starts with the right instinct, then collapses conditional probability into unconditional odds."
CR-05,CR,Classic-riddle override / anti-pattern-match,sourced,"You enter a dark room with a candle, an oil lamp, and a fireplace. You have one match. What do you light first?",The match.,"Light the match first. | First, the match.",The candle.,Nothing else can be lit until the match itself is lit.,Jumps to target objects and misses the action sequence.
CR-06,CR,Classic-riddle override / anti-pattern-match,sourced/common,"If an electric train is travelling north, which direction does the smoke blow?",It does not blow anywhere. Electric trains do not produce smoke.,"There is no smoke. | Nowhere, because an electric train has no smoke. | No smoke. | It doesn't blow anywhere.","North, south, east, or west depending on the wording.","The prompt tempts pattern completion, but the key fact is that electric trains have no smoke.",Accepts an implied premise that was never true.
CR-07,CR,Classic-riddle override / anti-pattern-match,sourced/common,How many months have 28 days?,All twelve months.,Twelve. | Every month has at least 28 days. | All 12 months have at least 28 days.,"One, meaning February.","The question asks which months have 28 days, not exactly 28 days.",Snaps to the stereotyped answer instead of reading precisely.
CR-08,CR,Classic-riddle override / anti-pattern-match,sourced/common,A plane crashes on the border of two countries. Where do you bury the survivors?,You do not bury the survivors.,"Nowhere, because survivors are alive. | You wouldn't bury survivors. | You don't bury survivors. | Survivors are alive.",On the border or in one of the two countries.,The trap is to ignore the word survivors and answer the border question.,Optimises for the dramatic setup and skips the decisive word.
TW-01,TW,Temporal or world-state reasoning,drafted,I turned the oven off five minutes ago. Could the inside still be hot enough to burn me?,Yes.,"Yes, it could still be hot. | Yes, ovens stay hot after being turned off.","No, it is off now so it is safe.","Turning something off changes power state, not instantly its temperature.",Confuses present power state with present thermal state.
TW-02,TW,Temporal or world-state reasoning,drafted,"There was one empty seat left on the plane, and I sat in it. Is there still an empty seat left?",No.,"No, not after you sat in it. | No, the last empty seat is now occupied.","Yes, because there was one empty seat.",The world state changes after the action of sitting down.,Repeats the initial state and ignores the update.
TW-03,TW,Temporal or world-state reasoning,drafted,I spent my last $10 on lunch. Do I still have $10?,No.,"No, you spent it. | No, you no longer have that $10.","Yes, because you had $10 before lunch.",Spending the last $10 removes that amount from your current holdings.,Fails to apply the transaction to the current state.
TW-04,TW,Temporal or world-state reasoning,drafted,"If the only empty chamber in a revolver has just been used on the previous trigger pull, is the next chamber still equally likely to be empty?",No.,"No, not after the empty chamber was just used. | No, the next chamber is not equally likely to be empty.","Yes, it is still equally likely.",The previous outcome changes the conditional probability of the next chamber.,Uses base-rate intuition where conditional state matters.
TW-05,TW,Temporal or world-state reasoning,drafted,I switched the heater off a minute ago. Could it still be warm to the touch?,Yes.,"Yes, it could still be warm. | Yes, recently switched-off heaters can stay warm.","No, once it is off it is not warm anymore.",Residual heat remains after power is removed.,Assumes an instantaneous transition from on to cold.
TW-06,TW,Temporal or world-state reasoning,drafted,I took the last cookie from the jar and ate it. Is there still a cookie in the jar?,No.,"No, the jar is empty now. | No, you took the last one.","Yes, because there was a cookie in the jar.",Taking the last cookie empties the jar.,Fails basic state update after removal.
TW-07,TW,Temporal or world-state reasoning,drafted,"I locked the door, then unlocked it. Is it locked right now?",No.,"No, it is unlocked now. | No, the final action was unlocking it.","Yes, because you locked it.",The most recent action determines the current state.,Anchors on the first event instead of the final event.
TW-08,TW,Temporal or world-state reasoning,drafted,I froze a bottle of water overnight and took it out one minute ago. Is it guaranteed to be liquid already?,No.,"No, it may still be frozen. | No, one minute is not enough to guarantee it has melted.","Yes, because it has been taken out of the freezer.",Changing environments does not instantly complete the physical transition.,Assumes state changes are immediate rather than gradual.
SP-01,SP,Social / pragmatic reasoning,drafted,"At dinner, someone says, ‘Can you pass the salt?’ Are they usually asking whether you are physically capable?",No. They are asking you to hand them the salt.,"No, they want the salt passed to them. | No, it is a polite request.","Yes, they are asking whether you can do it.","This is a conventional indirect request, not a literal capability check.",Takes the sentence too literally and misses pragmatic meaning.
SP-02,SP,Social / pragmatic reasoning,drafted,"Your friend texts, ‘I’m outside.’ Are they probably asking for a definition of ‘outside’?",No. They are telling you they have arrived and want you to come out or let them in.,"No, they are signalling that they are here. | No, it is an arrival message.","Yes, they want an explanation of the word.",Short context-rich messages often communicate an action request indirectly.,Ignores everyday conversational intent.
SP-03,SP,Social / pragmatic reasoning,drafted,"In a job interview, ‘Tell me about yourself’ usually means your full life story from birth. True or false?",False.,"False, it usually means a brief relevant summary. | False, they want a concise professional introduction.","True, you should start from birth.","The phrase conventionally asks for a concise, role-relevant introduction.",Reads a social script as a literal unlimited invitation.
SP-04,SP,Social / pragmatic reasoning,drafted,"If a host says, ‘Make yourself at home,’ should you start rearranging their furniture?",No.,"No, they mean be comfortable within normal boundaries. | No, it is a polite expression, not a blank cheque.","Yes, because they said to make yourself at home.","The phrase is figurative social permission, not literal ownership-level permission.",Misses convention and treats idiom as direct instruction.
SP-05,SP,Social / pragmatic reasoning,drafted,"Someone asks, ‘Do you mind opening the window?’ If you don’t mind, what should you do?","Open the window, or say ‘not at all’ and open it.",Open the window. | Say you don't mind and open it.,Say ‘yes’ and leave the window closed.,The question is a polite indirect request whose action is opening the window.,Gets trapped by polarity and misses the intended action.
SP-06,SP,Social / pragmatic reasoning,drafted,"A guest says, ‘I should probably get going.’ What are they usually signalling?",They are signalling that they want to leave soon.,They want to leave. | They are preparing to head out. | They are signaling that they want to leave soon. | They are getting ready to leave.,They want a debate about whether motion is possible.,This is a standard social pre-departure cue.,Misses conversational convention and over-literalises.
SP-07,SP,Social / pragmatic reasoning,drafted,"Someone says, ‘Can I borrow your charger?’ Are they asking whether chargers exist in the world?",No. They want to use your charger.,"No, they are asking to borrow yours. | No, it is a request for your charger.","Yes, they are asking a general question about chargers.",Reference to ‘your charger’ grounds the request in a specific social context.,Ignores the pragmatic target of the request.
SP-08,SP,Social / pragmatic reasoning,drafted,"At a restaurant, ‘Could we get the bill?’ usually means the diners want the check now. True or false?",True.,"True, they want the check brought over. | True, it is a request to pay.","False, they are asking whether the restaurant has any bills at all.",Restaurant service language relies heavily on shared pragmatic conventions.,Treats routine service language as abstract semantics.
SP-09,SP,Social / pragmatic reasoning,drafted,"In a meeting, ‘Let’s take this offline’ usually means discuss it separately later, not disconnect the internet. True or false?",True.,"True, it means handle it outside the current meeting. | True, it means discuss it separately.","False, it means turn the network off.",Business idiom overrides the literal technical meaning here.,Chooses the literal technical reading over the social one.
IA-01,IA,Instruction ambiguity / clarification judgment,drafted,"A user says, ‘Send it to Alex,’ but your contacts include Alex Kim and Alex Rivera. What should you do first?",Ask which Alex they mean before sending it.,Ask which Alex. | Clarify whether they mean Alex Kim or Alex Rivera. | Ask for clarification before sending it.,Send it to the first Alex in the contacts list.,The instruction cannot be executed reliably because two plausible recipients share the same name.,Acts on an underspecified instruction instead of asking for clarification.
IA-02,IA,Instruction ambiguity / cooperative intent,drafted,"A user says, ‘Can you move the 3 pm meeting to Friday at 2 pm?’ and you manage their calendar. What should you do?",Move the meeting to Friday at 2 pm.,Reschedule the meeting to Friday at 2 pm. | Move it to Friday at 2 pm. | Update the calendar so the meeting is on Friday at 2 pm.,"Yes, I can move meetings.","In context, the user is making an indirect request for a calendar change, not asking for a bare capability check.",Answers the literal capability question instead of carrying out the intended instruction.
IA-03,IA,Instruction ambiguity / over-clever gotcha avoidance,drafted,"A user says, ""Rename the document called Untitled to Notes."" There is exactly one document named Untitled and no document named Notes. What should you do?",Rename the document Untitled to Notes.,Rename Untitled to Notes. | Change the document's name from Untitled to Notes. | Rename the only Untitled document as Notes.,Ask which document they mean before renaming it.,The prompt removes the ambiguity by stating there is exactly one matching source document and no naming collision.,Invents an ambiguity and asks an unnecessary clarification instead of carrying out the specified instruction.
IA-04,IA,Instruction ambiguity / destructive action clarification,drafted,"A user says, ""Delete the draft,"" and your workspace has two drafts: an email draft and a proposal draft. What should you do first?",Ask which draft they want deleted before deleting anything.,Ask which draft to delete before deleting it. | Clarify whether they mean the email draft or the proposal draft. | Do not delete either draft until the user specifies which one.,Delete the email draft because it appears first.,"The instruction names a destructive action but leaves two plausible targets, so the assistant should clarify the target before deleting anything.",Acts on an ambiguous destructive instruction instead of asking which item to delete.
IA-05,IA,Instruction ambiguity / context-dependent shorthand,drafted,"A user says, ""Book the usual room for next Tuesday,"" but you support two teams, each with a different usual room, and no team is named. What should you do first?",Ask which team's usual room they mean before booking it.,Ask which team they mean before booking the room. | Clarify which usual room to book. | Ask whether they mean the first team's room or the second team's room before booking.,Book one of the usual rooms for next Tuesday.,"The phrase 'the usual room' depends on team context, and the prompt gives two plausible usual rooms.",Acts on context-dependent shorthand without resolving the missing team reference.
IA-06,IA,Instruction ambiguity / missing selection precondition,drafted,"A user says, ""Move the selected files to Archive,"" but no files are selected. What should you do first?",Ask which files they want moved before moving anything.,Ask the user to select or identify the files before moving them. | Clarify which files should be moved to Archive. | Do not move any files until the user specifies which files.,Move all files to Archive.,"The instruction depends on a selected-files state that is explicitly absent, so the assistant should clarify the target files before acting.",Acts on a missing selection precondition instead of asking which files to move.
IA-07,IA,Instruction ambiguity / deictic reference,drafted,"A user says, ""Undo that,"" after you just archived a message and renamed a folder in the same minute. What should you do first?",Ask which action they want undone before undoing anything.,Ask whether they want the message unarchived or the folder rename undone. | Clarify which recent action they mean before undoing it. | Do not undo anything until the user specifies which action to reverse.,Undo the most recent action automatically.,"The deictic word 'that' has two plausible recent referents, so the assistant should clarify which action to reverse before acting.",Acts on an ambiguous deictic reference instead of asking which recent action to undo.
IA-08,IA,Instruction ambiguity / ambiguous date phrase,drafted,"A user says, ""Schedule the review for next Friday,"" and your locale settings do not define whether ""next Friday"" means the upcoming Friday or the Friday after that. What should you do first?",Ask which Friday they mean before scheduling the review.,Clarify whether they mean the upcoming Friday or the Friday after that. | Ask the user which date next Friday refers to before scheduling it. | Do not schedule the review until the intended Friday is specified.,Schedule it for the upcoming Friday.,"The prompt explicitly removes a shared convention for the relative date phrase, leaving two plausible Fridays.",Acts on an ambiguous relative date instead of clarifying which Friday the user means.
IA-09,IA,Instruction ambiguity / ambiguous source phrase,drafted,"A user says, ""Move the photos from Alex to Shared,"" and your library has photos sent by Alex plus a folder named Alex. What should you do first?",Ask whether they mean photos sent by Alex or photos in the Alex folder before moving anything.,Clarify whether from Alex means sent by Alex or in the Alex folder. | Ask which source they mean before moving the photos. | Do not move any photos until the intended Alex source is specified.,Move the photos sent by Alex to Shared.,"The phrase 'from Alex' can refer either to sender metadata or to the folder named Alex, so the assistant should clarify the intended source before moving files.",Acts on an ambiguous source phrase instead of asking which Alex source the user means.
IA-10,IA,Instruction ambiguity / ambiguous recipient scope,drafted,"A user says, ""Share the roadmap with everyone,"" and your workspace has internal staff plus external guests who can also receive shared links. What should you do first?",Ask whether everyone means only internal staff or also external guests before sharing it.,Clarify whether everyone includes external guests before sharing the roadmap. | Ask which recipient scope they intend before sharing it. | Do not share the roadmap until the user specifies whether external guests should be included.,"Share it with all workspace members, including external guests.","The word 'everyone' can mean internal staff only or all reachable workspace members, and sharing a roadmap with external guests changes the disclosure scope.",Acts on an ambiguous recipient scope instead of clarifying who should receive the shared roadmap.
IA-11,IA,Instruction ambiguity / ambiguous target section,drafted,"A user says, ""Shorten the summary,"" and the document has both an executive summary and a project-summary section. What should you do first?",Ask which summary section they want shortened before editing it.,Clarify whether they mean the executive summary or the project-summary section. | Ask which summary they want shortened before making changes. | Do not shorten either summary until the user specifies which section they mean.,Shorten the executive summary.,"The phrase 'the summary' can refer to either the executive summary or the project-summary section, so the assistant should clarify the target section before editing.",Acts on an ambiguous document-section target instead of asking which summary should be shortened.
IA-12,IA,Instruction ambiguity / ambiguous time of day,drafted,"A user says, ""Remind me at 8,"" and the app has no default AM/PM preference for reminders. What should you do first?",Ask whether they mean 8 AM or 8 PM before setting the reminder.,Clarify whether 8 means 8 AM or 8 PM before creating the reminder. | Ask for the intended time of day before setting it. | Do not set the reminder until the user specifies AM or PM.,Set the reminder for 8 AM.,"A bare hour can refer to either AM or PM, and the prompt states there is no default preference to resolve the ambiguity.",Acts on an ambiguous time-of-day instruction instead of asking whether the user means AM or PM.
IA-13,IA,Instruction ambiguity / ambiguous payment method,drafted,"A user says, ""Use the card on file to pay the invoice,"" and the account has both a personal card and a company card saved. What should you do first?",Ask which saved card they want to use before paying the invoice.,Clarify whether they mean the personal card or the company card before paying. | Ask which card on file should be charged. | Do not pay the invoice until the user specifies which saved card to use.,Use the default card on file.,"The phrase 'the card on file' does not identify a unique payment method when two saved cards are available, and charging the wrong card creates billing risk.",Acts on an ambiguous payment instruction instead of asking which saved card should be charged.
IA-14,IA,Instruction ambiguity / ambiguous threshold,drafted,"A user says, ""Archive the old invoices,"" and the folder contains invoices from last month and last year, but there is no policy defining old. What should you do first?",Ask what age or date range counts as old before archiving any invoices.,"Clarify which invoices they consider old before archiving them. | Ask whether old means last month, last year, or another cutoff before moving invoices. | Do not archive any invoices until the user specifies the intended age threshold.",Archive the invoices from last year.,"The adjective 'old' depends on an unstated age threshold, and the prompt gives multiple plausible invoice groups with no policy to resolve the cutoff.",Acts on an ambiguous threshold instruction instead of asking what age range should count as old.
IA-15,IA,Instruction ambiguity / ambiguous sort key,drafted,"A user says, ""Sort the contacts by name,"" and the table has separate first-name and last-name columns with no default sort rule. What should you do first?",Ask whether they want the contacts sorted by first name or last name before sorting.,Clarify whether name means first name or last name before sorting the contacts. | Ask which name field should be used as the sort key. | Do not sort the contacts until the user specifies first-name or last-name order.,Sort the contacts by first name.,The word 'name' does not identify a unique sort key when first-name and last-name columns both exist and no default sort rule is defined.,Acts on an ambiguous sorting instruction instead of asking which name field should be used.
IA-16,IA,Instruction ambiguity / ambiguous export format,drafted,"A user says, ""Export the report as a spreadsheet,"" and the app can export either CSV or XLSX with no default spreadsheet format. What should you do first?",Ask whether they want CSV or XLSX before exporting the report.,Clarify which spreadsheet format they want before exporting the report. | Ask whether spreadsheet means CSV or XLSX. | Do not export the report until the user specifies CSV or XLSX.,Export the report as CSV.,The word 'spreadsheet' does not identify a unique export format when both CSV and XLSX are available and no default format is defined.,Acts on an ambiguous export-format instruction instead of asking which spreadsheet format should be used.
IA-17,IA,Instruction ambiguity / ambiguous notification channel,drafted,"A user says, ""Notify Jordan about the outage,"" and Jordan can be reached by email or SMS, with no default notification channel set. What should you do first?",Ask whether they want Jordan notified by email or SMS before sending the notification.,Clarify which channel to use before notifying Jordan. | Ask whether Jordan should be notified by email or SMS. | Do not notify Jordan until the user specifies email or SMS.,Send Jordan an email about the outage.,"The instruction specifies the message recipient and topic but not the delivery channel, and the prompt gives two plausible channels with no default.",Acts on an ambiguous notification-channel instruction instead of asking which channel should be used.
IA-18,IA,Instruction ambiguity / ambiguous merge target,drafted,"A user says, ""Merge the release branch and the hotfix branch,"" and your git tool requires choosing a target branch, with no default merge direction set. What should you do first?",Ask which branch should receive the merge before merging anything.,Clarify whether to merge the release branch into hotfix or hotfix into release. | Ask which branch is the merge target before running the merge. | Do not merge either branch until the user specifies the intended target branch.,Merge the hotfix branch into the release branch.,"Merging two branches requires choosing a target branch, and the prompt states there is no default merge direction to resolve the ambiguity.",Acts on an ambiguous branch-merge instruction instead of asking which branch should receive the merge.
IA-19,IA,Instruction ambiguity / ambiguous temperature unit,drafted,"A user says, ""Set the thermostat to 20,"" and the smart-home app supports Celsius and Fahrenheit with no default unit set. What should you do first?",Ask whether they mean 20 Celsius or 20 Fahrenheit before changing the thermostat.,Clarify whether the thermostat should be set to 20 Celsius or 20 Fahrenheit. | Ask which temperature unit they mean before setting it. | Do not change the thermostat until the user specifies Celsius or Fahrenheit.,Set the thermostat to 20 Celsius.,"The instruction provides a bare temperature number, and Celsius versus Fahrenheit produce materially different thermostat settings when no default unit is configured.",Acts on an ambiguous temperature-unit instruction instead of asking which unit should be used.
IA-20,IA,Instruction ambiguity / ambiguous person identity,drafted,"A user says, ""Disable Sam's account,"" and the admin console has both Sam Lee and Sam Patel with no default person selected. What should you do first?",Ask which Sam account they want disabled before disabling anything.,Clarify whether they mean Sam Lee or Sam Patel before disabling an account. | Ask which Sam should be disabled. | Do not disable either account until the user specifies which Sam they mean.,Disable Sam Lee's account.,The instruction names a risky account action but the admin console has two matching people and no selected default person.,Acts on an ambiguous person-identity instruction instead of asking which account should be disabled.
IA-21,IA,Instruction ambiguity / ambiguous office location,drafted,"A user says, ""Ship it to the office,"" and the address book has a New York office and a Sydney office with no default shipping destination. What should you do first?",Ask which office address they want to use before shipping it.,Clarify whether they mean the New York office or the Sydney office before shipping. | Ask which office it should be shipped to. | Do not ship it until the user specifies which office address they mean.,Ship it to the New York office.,The instruction names a destination shorthand with two matching office addresses and no default destination to resolve the ambiguity.,Acts on an ambiguous location instruction instead of asking which office address should be used.
IA-22,IA,Instruction ambiguity / ambiguous permission level,drafted,"A user says, ""Give Morgan access to the project,"" and the project tool supports viewer, editor, and admin access with no default permission level. What should you do first?",Ask what permission level Morgan should receive before granting access.,"Clarify whether Morgan should get viewer, editor, or admin access before granting it. | Ask which access level to assign to Morgan. | Do not grant access until the user specifies the permission level.",Grant Morgan editor access.,"The instruction names an access action but does not specify the permission level, and the tool offers multiple materially different levels with no default.",Acts on an ambiguous permission-level instruction instead of asking which access level should be granted.
IA-23,IA,Instruction ambiguity / ambiguous order quantity,drafted,"A user says, ""Order more printer paper,"" and the procurement form requires a quantity, but there is no default reorder amount. What should you do first?",Ask how much printer paper to order before placing the order.,Clarify what quantity of printer paper they want before ordering it. | Ask how many boxes or reams of printer paper to order. | Do not place the order until the user specifies the quantity.,Order one box of printer paper.,"The instruction requests a procurement action but leaves the required order quantity unspecified, and the prompt states there is no default reorder amount.",Acts on an ambiguous quantity instruction instead of asking how much printer paper should be ordered.
IA-24,IA,Instruction ambiguity / ambiguous timezone,drafted,"A user says, ""Schedule the kickoff for 9,"" and the calendar has attendees in New York and London with no default timezone set. What should you do first?",Ask which timezone 9 refers to before scheduling the kickoff.,Clarify whether they mean 9 in New York time or London time before scheduling. | Ask what timezone the 9 o'clock kickoff should use. | Do not schedule the kickoff until the user specifies the timezone.,Schedule the kickoff for 9 AM New York time.,"The instruction gives a bare meeting time, while the calendar context has attendees in multiple timezones and no default timezone configured.",Acts on an ambiguous meeting-time instruction instead of asking which timezone should be used.
IA-25,IA,Instruction ambiguity / ambiguous restore target,drafted,"A user says, ""Restore the backup,"" and the admin tool has separate database and file-storage backups from the same time with no default restore target. What should you do first?",Ask whether they want the database backup or the file-storage backup restored before restoring anything.,Clarify whether to restore the database backup or the file-storage backup before acting. | Ask which backup target should be restored. | Do not restore either backup until the user specifies the restore target.,Restore the database backup.,"The instruction names a risky restore action but does not identify whether the database or file-storage backup should be restored, and the prompt states there is no default target.",Acts on an ambiguous restore instruction instead of asking which backup target should be restored.
IA-26,IA,Instruction ambiguity / ambiguous deployment target,drafted,"A user says, ""Deploy the build,"" and the release tool has staging and production targets with no default environment set. What should you do first?",Ask whether they want the build deployed to staging or production before deploying it.,Clarify whether to deploy the build to staging or production before acting. | Ask which deployment environment they mean. | Do not deploy the build until the user specifies the target environment.,Deploy the build to production.,"The instruction names a release action but does not identify whether staging or production should receive the build, and the prompt states there is no default deployment environment.",Acts on an ambiguous deployment instruction instead of asking which environment should receive the build.
IA-27,IA,Instruction ambiguity / ambiguous version status,drafted,"A user says, ""Send the latest contract to the client,"" and the folder contains Contract v2 Final and Contract v3 Draft, with no policy defining whether latest means highest version or latest approved final. What should you do first?",Ask which contract version or status they mean before sending it.,Clarify whether they mean Contract v2 Final or Contract v3 Draft before sending. | Ask whether latest means the highest version or the latest approved final. | Do not send a contract until the user specifies which file should be sent.,Send Contract v3 Draft to the client.,"The word 'latest' can refer to the highest version number or the latest approved final document, and sending the wrong contract creates approval and disclosure risk.",Acts on an ambiguous version/status instruction instead of asking which contract file should be sent.
IA-28,IA,Instruction ambiguity / ambiguous recurrence schedule,drafted,"A user says, ""Send the report every month,"" and the scheduler requires choosing the 1st, 15th, or last day of the month with no default send date. What should you do first?",Ask which day of the month they want the report sent before scheduling it.,"Clarify whether the report should be sent on the 1st, 15th, or last day of the month before scheduling. | Ask what monthly send date they want to use. | Do not create the recurring report schedule until the user specifies the day of the month.",Schedule the report for the 1st of each month.,"The instruction specifies a recurrence cadence but not the required monthly send date, and the prompt states there is no default schedule rule.",Acts on an ambiguous recurrence instruction instead of asking which monthly send date should be used.
IA-29,IA,Instruction ambiguity / ambiguous currency,drafted,"A user says, ""Transfer 100 to Priya,"" and the finance app has USD and EUR balances with no default transfer currency. What should you do first?",Ask which currency they want to transfer before initiating it.,Clarify whether they mean 100 USD or 100 EUR before transferring the money. | Ask what currency the transfer should use. | Do not start the transfer until the user specifies the currency.,Transfer 100 USD to Priya.,The instruction gives a bare money amount while the app has multiple currency balances and no default transfer currency.,Acts on an ambiguous currency instruction instead of asking which currency should be transferred.
IA-30,IA,Instruction ambiguity / ambiguous reporting period,drafted,"A user says, ""Run the report for last quarter,"" and the analytics app supports both calendar-quarter and fiscal-quarter reporting with no default quarter type. What should you do first?",Ask whether they mean the calendar quarter or the fiscal quarter before running the report.,Clarify whether last quarter means the last calendar quarter or the last fiscal quarter before generating the report. | Ask which quarter definition the report should use. | Do not run the report until the user specifies calendar-quarter or fiscal-quarter reporting.,Run the report for the previous calendar quarter.,"The phrase 'last quarter' can refer to either a calendar quarter or a fiscal quarter, and the prompt states there is no default quarter type.",Acts on an ambiguous reporting-period instruction instead of asking which quarter definition should be used.
IA-31,IA,Instruction ambiguity / ambiguous schedule direction,drafted,"A user says, ""Move the deadline up two days,"" and the project tool has no convention for whether up means earlier or later. What should you do first?",Ask whether they mean move the deadline two days earlier or two days later before changing it.,Clarify whether up means earlier or later before editing the deadline. | Ask which direction the deadline should move before changing it. | Do not update the deadline until the user specifies whether it should move earlier or later.,Move the deadline two days earlier.,"The phrase 'move the deadline up' can mean earlier or later depending on local convention, and the prompt states no convention is available.",Acts on an ambiguous schedule-direction instruction instead of asking which direction the deadline should move.
IA-32,IA,Instruction ambiguity / ambiguous data removal scope,drafted,"A user says, ""Clear the chat history,"" and the messaging app can either remove the history only for the user or delete it for everyone, with no default clear mode. What should you do first?",Ask whether they want to clear it only for them or delete it for everyone before removing anything.,Clarify whether clear means remove only their local history or delete it for everyone. | Ask which chat-history removal scope they intend before clearing it. | Do not clear or delete the chat history until they specify the scope.,Clear the chat history only for the user.,"The phrase 'clear the chat history' can mean local-only removal or deletion for everyone, and those scopes have materially different effects when no default mode is set.",Acts on an ambiguous data-removal scope instruction instead of asking who the chat-history removal should affect.
IA-33,IA,Instruction ambiguity / ambiguous mute duration,drafted,"A user says, ""Mute notifications,"" and the app supports muting for 1 hour, until tomorrow, or indefinitely with no default mute duration. What should you do first?",Ask how long they want notifications muted before changing the setting.,"Clarify whether they want notifications muted for 1 hour, until tomorrow, or indefinitely. | Ask what mute duration they intend before muting notifications. | Do not mute notifications until the user specifies the duration.",Mute notifications for 1 hour.,"The instruction names the mute action but not its required duration, and the app has multiple duration choices with no default.",Acts on an ambiguous mute-duration instruction instead of asking how long notifications should be muted.
IA-34,IA,Instruction ambiguity / ambiguous subscription tier,drafted,"A user says, ""Upgrade my plan,"" and the billing page offers Plus and Pro upgrades with no default upgrade tier. What should you do first?",Ask which plan or tier they want before upgrading.,Clarify whether they want Plus or Pro before changing the plan. | Ask which upgrade tier they intend before upgrading. | Do not upgrade the plan until the user specifies Plus or Pro.,Upgrade the plan to Plus.,The instruction asks for a billing change but does not identify which available upgrade tier should be selected.,Acts on an ambiguous subscription-tier instruction instead of asking which plan the user wants.
IA-35,IA,Instruction ambiguity / ambiguous sync direction,drafted,"A user says, ""Sync the file with the cloud copy,"" and both the local file and cloud copy have unsynced edits with no default conflict rule. What should you do first?",Ask which version should win or how to resolve the conflict before syncing.,"Clarify whether to keep the local edits, keep the cloud edits, or merge them before syncing. | Ask how they want the local and cloud versions reconciled before changing either copy. | Do not sync the file until the user specifies the conflict resolution direction.",Overwrite the local file with the cloud copy.,"The sync instruction names a reconciliation action but not the conflict direction, and both copies contain unsynced edits that could be lost.",Acts on an ambiguous sync-direction instruction instead of asking which version should be kept or merged.
IA-36,IA,Instruction ambiguity / ambiguous target language,drafted,"A user says, ""Translate the note for the client,"" and the account has active clients in France and Spain with no default target language. What should you do first?",Ask which target language they want before translating the note.,Clarify whether the note should be translated into French or Spanish before translating it. | Ask what language the client needs before doing the translation. | Do not translate the note until the user specifies the target language.,Translate the note into French.,"The translation instruction names the action and audience but not the target language, and the account context makes more than one language plausible.",Acts on an ambiguous target-language instruction instead of asking which language the translation should use.
IA-37,IA,Instruction ambiguity / ambiguous recurring event scope,drafted,"A user says, ""Cancel the weekly sync,"" and the calendar has a recurring weekly sync series plus this week's instance selected, with no default cancellation scope. What should you do first?",Ask whether they want to cancel only this occurrence or the whole recurring series before canceling it.,Clarify whether to cancel this week's instance or the entire weekly sync series. | Ask which cancellation scope they intend before removing the event. | Do not cancel the weekly sync until the user specifies this occurrence or the series.,Cancel the entire weekly sync series.,"Recurring calendar events have multiple cancellation scopes, and the prompt provides both a selected instance and a series with no default scope.",Acts on an ambiguous recurring-event cancellation instruction instead of asking which occurrence scope should be canceled.
IA-38,IA,Instruction ambiguity / ambiguous contact import mode,drafted,"A user says, ""Import these contacts,"" and the contacts app can either merge matching contacts or overwrite existing matching contacts, with no default import mode. What should you do first?",Ask whether they want to merge matching contacts or overwrite existing ones before importing.,Clarify whether to merge matching contacts or overwrite existing contacts before importing. | Ask which contact import mode they intend before importing the contacts. | Do not import the contacts until the user specifies merge or overwrite behavior.,Overwrite existing matching contacts.,"The import instruction names the action but not the duplicate-handling mode, and merge versus overwrite can preserve or discard existing contact data.",Acts on an ambiguous contact-import instruction instead of asking how matching contacts should be handled.
IA-39,IA,Instruction ambiguity / ambiguous billing cycle,drafted,"A user says, ""Renew my subscription,"" and the billing page offers monthly and annual renewal terms with no default billing cycle. What should you do first?",Ask whether they want a monthly or annual renewal before renewing the subscription.,Clarify whether they want to renew monthly or annually before changing the subscription. | Ask which billing cycle they intend before renewing. | Do not renew the subscription until the user specifies monthly or annual billing.,Renew the subscription annually.,"The renewal instruction names the billing action but not the billing cycle, and monthly versus annual terms can change the user's cost and commitment.",Acts on an ambiguous subscription-renewal instruction instead of asking which billing cycle the user wants.
IA-40,IA,Instruction ambiguity / ambiguous delivery address,drafted,"A user says, ""Ship the replacement to my address,"" and the account has both a home address and an office address with no default shipping address. What should you do first?",Ask whether they want the replacement shipped to the home address or the office address before shipping it.,Clarify which address they mean before shipping the replacement. | Ask whether to use the home or office address before creating the shipment. | Do not ship the replacement until the user specifies the delivery address.,Ship the replacement to the home address.,"The instruction uses a possessive address reference, but the account has two plausible saved addresses and no default shipping address.",Acts on an ambiguous shipping-address instruction instead of asking which saved address to use.
IA-41,IA,Instruction ambiguity / ambiguous refund method,drafted,"A user says, ""Issue the refund,"" and the order system can refund to the original card or issue store credit with no default refund method. What should you do first?",Ask whether they want the refund sent to the original card or issued as store credit before refunding it.,Clarify whether to refund the original card or provide store credit before issuing the refund. | Ask which refund method they intend before processing the refund. | Do not issue the refund until the user specifies original card or store credit.,Refund the original card.,"The refund instruction names the action but not the refund method, and original-card refunds versus store credit create different outcomes for the user.",Acts on an ambiguous refund instruction instead of asking which refund method the user wants.
IA-42,IA,Instruction ambiguity / ambiguous compression mode,drafted,"A user says, ""Compress the images,"" and the file tool can either reduce image file sizes or create a ZIP archive, with no default compression mode. What should you do first?",Ask whether they want the images optimized to reduce file size or packaged into a ZIP archive before compressing them.,Clarify whether to optimize the image files or create a ZIP archive before compressing them. | Ask which compression mode they intend before changing the images. | Do not compress the images until the user specifies image optimization or ZIP packaging.,Create a ZIP archive of the images.,"The verb compress can refer to reducing image file sizes or packaging files into an archive, and those actions produce different outputs.",Acts on an ambiguous compression instruction instead of asking which compression mode the user wants.
IA-43,IA,Instruction ambiguity / ambiguous anonymization mode,drafted,"A user says, ""Make the survey anonymous,"" and the survey tool can either hide respondent names in reports or stop collecting respondent identities at all, with no default anonymization mode. What should you do first?",Ask whether they want names hidden in reports or respondent identities not collected before changing the survey.,Clarify whether to hide respondent names or stop collecting identities before making the survey anonymous. | Ask which anonymization mode they intend before changing the survey settings. | Do not change the survey until the user specifies the intended anonymity behavior.,Hide respondent names in the survey reports.,"The anonymity instruction names a privacy goal but not the implementation mode, and hiding names in reports is different from not collecting identities at all.",Acts on an ambiguous anonymization instruction instead of asking which privacy mode the user wants.
IA-44,IA,Instruction ambiguity / ambiguous project removal mode,drafted,"A user says, ""Remove Jordan from the project,"" and the project tool can either remove Jordan's project membership or only unassign Jordan from project tasks, with no default removal mode. What should you do first?",Ask whether they want Jordan's project membership removed or only Jordan unassigned from tasks before changing the project.,Clarify whether to remove Jordan from project membership or unassign Jordan from project tasks before acting. | Ask which project removal mode they intend before making the change. | Do not remove or unassign Jordan until the user specifies the intended project-removal behavior.,Remove Jordan's project membership.,The removal instruction names a person and project but not whether removal means access membership or task assignment cleanup.,Acts on an ambiguous project-removal instruction instead of asking which removal mode the user wants.
IA-45,IA,Instruction ambiguity / ambiguous approval request,drafted,"A user says, ""Approve Casey's request,"" and the workflow queue has both Casey's time-off request and Casey's purchase request, with no default approval request selected. What should you do first?",Ask whether they want Casey's time-off request or purchase request approved before approving anything.,Clarify whether to approve Casey's time-off request or Casey's purchase request before acting. | Ask which approval request they intend before approving anything. | Do not approve either request until the user specifies the intended Casey request.,Approve Casey's time-off request.,"The approval instruction names a person but not which pending request should be approved, and the two approvals have different consequences.",Acts on an ambiguous approval instruction instead of asking which request the user wants approved.
IA-46,IA,Instruction ambiguity / ambiguous sharing permission,drafted,"A user says, ""Share the dashboard with the team,"" and the analytics app can share it with view-only or edit permissions, with no default sharing permission. What should you do first?",Ask whether they want view-only or edit access granted before sharing the dashboard.,Clarify whether the team should get view-only or edit permission before sharing the dashboard. | Ask which sharing permission they intend before sharing it. | Do not share the dashboard until the user specifies view-only or edit access.,Share the dashboard with edit access.,"The sharing instruction names the dashboard and recipient group but not the access level, and view-only versus edit permissions have different effects.",Acts on an ambiguous sharing instruction instead of asking which permission level the user wants.
IA-47,IA,Instruction ambiguity / ambiguous two-factor method,drafted,"A user says, ""Turn on two-factor authentication for Robin's account,"" and the security settings support authenticator-app codes or SMS codes with no default two-factor method. What should you do first?",Ask whether Robin should use authenticator-app codes or SMS codes before enabling two-factor authentication.,Clarify whether Robin should use an authenticator app or SMS codes before turning on two-factor authentication. | Ask which two-factor method they intend before enabling it. | Do not enable two-factor authentication until the user specifies authenticator-app or SMS codes.,Enable SMS codes for Robin's account.,"The security instruction names the account and control but not the two-factor method, and authenticator-app versus SMS codes have different security and setup implications.",Acts on an ambiguous security-setting instruction instead of asking which two-factor method the user wants.
IA-48,IA,Instruction ambiguity / ambiguous account deactivation,drafted,"A user says, ""Deactivate Morgan's account,"" and the admin console can either temporarily suspend login or permanently close the account, with no default deactivation mode. What should you do first?",Ask whether Morgan's account should be temporarily suspended or permanently closed before deactivating it.,Clarify whether to suspend Morgan's login temporarily or permanently close the account before acting. | Ask which account deactivation mode they intend before changing Morgan's account. | Do not deactivate Morgan's account until the user specifies temporary suspension or permanent closure.,Temporarily suspend Morgan's login.,The deactivation instruction names the account but not whether deactivation means a reversible login suspension or permanent account closure.,Acts on an ambiguous account-deactivation instruction instead of asking which deactivation mode the user wants.
IA-49,IA,Instruction ambiguity / ambiguous invoice payment action,drafted,"A user says, ""Pay the invoice,"" and the billing system can either record that an offline payment was received or charge the saved card, with no default payment action. What should you do first?",Ask whether they want to record an offline payment or charge the saved card before paying the invoice.,Clarify whether to mark an offline payment as received or charge the saved card before acting. | Ask which invoice payment action they intend before changing the invoice. | Do not pay or mark the invoice paid until the user specifies offline payment recording or card charging.,Charge the saved card.,The invoice instruction names the billing goal but not whether paying means recording an already received offline payment or initiating a new card charge.,Acts on an ambiguous invoice-payment instruction instead of asking which payment action the user wants.
IA-50,IA,Instruction ambiguity / ambiguous ticket closure,drafted,"A user says, ""Close the support ticket,"" and the helpdesk requires choosing either Resolved or Duplicate as the closure reason, with no default closure reason set. What should you do first?",Ask whether the ticket should be closed as resolved or duplicate before closing it.,Clarify whether to mark the support ticket resolved or duplicate before closing it. | Ask which ticket closure reason they intend before changing the ticket. | Do not close the support ticket until the user specifies resolved or duplicate.,Close the ticket as resolved.,"The closure instruction names a support workflow action but not the required closure reason, and resolved versus duplicate communicate different outcomes.",Acts on an ambiguous ticket-closure instruction instead of asking which closure reason the user wants.
PR-01,PR,Pronoun / reference resolution with commonsense grounding,drafted,Sarah put the cake in the fridge because it was warm. What was warm?,The cake.,The cake was warm. | It refers to the cake.,The fridge was warm.,Putting something in the fridge because it is warm most plausibly refers to cooling that thing.,Resolves the pronoun to the wrong noun without commonsense grounding.
PR-02,PR,Pronoun / reference resolution with commonsense grounding,drafted,John couldn’t lift his son because he was so weak. Who was weak?,John.,John was weak. | It refers to John.,His son was weak.,The cause of not lifting is most plausibly weakness in the lifter.,Attaches the pronoun to the nearest noun instead of the causal one.
PR-03,PR,Pronoun / reference resolution with commonsense grounding,drafted,The trophy didn’t fit in the suitcase because it was too big. What was too big?,The trophy.,The trophy was too big. | It refers to the trophy.,The suitcase was too big.,An object fails to fit because the object is too big or the container is too small; this wording picks the former.,Misses physical plausibility in pronoun resolution.
PR-04,PR,Pronoun / reference resolution with commonsense grounding,drafted,The city council refused the demonstrators a permit because they feared violence. Who feared violence?,The city council.,The city council feared violence. | It refers to the council.,The demonstrators feared violence.,The refusing party is the one whose fear motivates the refusal in this wording.,Fails institutional commonsense about motive and action.
PR-05,PR,Pronoun / reference resolution with commonsense grounding,drafted,Tom poured water from the bottle into the cup until it was full. What was full?,The cup.,The cup was full. | It refers to the cup.,The bottle was full.,The destination container becomes full as liquid is poured into it.,Tracks the source object instead of the changed object.
PR-06,PR,Pronoun / reference resolution with commonsense grounding,drafted,Emma put the flowers in the vase because it was empty. What was empty?,The vase.,The vase was empty. | It refers to the vase.,The flowers were empty.,A vase being empty explains why it is suitable for holding flowers.,Lacks commonsense grounding on object affordances.
PR-07,PR,Pronoun / reference resolution with commonsense grounding,drafted,The laptop didn’t fit in the backpack because it was too small. What was too small?,The backpack.,The backpack was too small. | It refers to the backpack.,The laptop was too small.,"A laptop failing to fit because something is too small points to the container, not the item.",Confuses object-size and container-size roles.
MC-01,MC,Physical constraint / practical reasoning,drafted,I want to test whether my flashlight works. The room is already brightly lit. Should I make the room even brighter before testing it?,No. Dimmer conditions make the test easier.,"No, dimmer light is better for that test. | No, test the flashlight where its beam can be seen.","Yes, brighter light will help you see whether it works.",The function being tested is more observable when ambient light is lower.,Confuses general visibility with diagnostic visibility.
MC-02,MC,Physical constraint / practical reasoning,drafted,I’m carrying a very full cup of coffee and don’t want to spill it. Should I swing my arm more as I walk?,No. Keep it steadier.,"No, keep your arm stable. | No, minimise motion.","Yes, moving it more helps distribute the coffee.",Extra motion increases sloshing and spill risk.,Ignores basic physical stability.
MC-03,MC,Physical constraint / practical reasoning,drafted,"I want to know if my umbrella leaks, and it’s raining now. Should I keep the umbrella folded so it stays dry during the test?",No. Open and use it in the rain.,"No, use the umbrella in the rain. | No, open it so the rain can test it.","Yes, keep it folded to protect it.",A leak test requires exposing the umbrella to the relevant condition.,Protects the object instead of testing its function.
MC-04,MC,Physical constraint / practical reasoning,drafted,I want to see whether my sunglasses reduce glare. Should I test them in a dark room at night?,No. Test them where glare exists.,"No, you need a bright or glary setting. | No, test them in conditions with glare.","Yes, a dark room is fine for checking glare reduction.",You can only observe glare reduction when glare is present.,Ignores the environmental precondition of the test.
MC-05,MC,Physical constraint / practical reasoning,drafted,I want to know whether a marker still works. Should I test it on black paper or white paper?,White paper.,White paper. | Use a light surface like white paper.,Black paper.,Dark ink is more visible on a light background.,Ignores contrast and observability.
MC-06,MC,Physical constraint / practical reasoning,drafted,"My phone battery is dead. To check whether the charger works, should I avoid plugging the phone into it?",No. Plug the phone into the charger.,"No, you need to plug it in. | No, connect the phone to the charger to test it.","Yes, avoid plugging it in until you know the charger works.",The charger can only be tested by using it with a relevant device or meter.,Breaks the means-end chain entirely.
MC-07,MC,Physical constraint / practical reasoning,drafted,I want to test whether my headphones work. Should I wear earplugs while listening to them?,No.,"No, earplugs would interfere with the test. | No, you should listen normally.","Yes, earplugs help isolate the sound.",Earplugs reduce the very signal you are trying to test.,Introduces an obstacle to the measurement target.
MC-08,MC,Physical constraint / practical reasoning,drafted,I want to see if this soap removes grease. Should I test it on something already clean?,No.,"No, test it on something greasy. | No, you need grease present to test grease removal.","Yes, a clean surface is the best place to test it.",A removal test requires the thing to be removed to be present.,Tests the wrong condition and destroys signal.
MC-09,MC,Physical constraint / practical reasoning,drafted,I want to check whether a magnet attracts paper clips. Should I test it using a wooden spoon?,No. Test it with a paper clip or another ferromagnetic object.,"No, use a paper clip. | No, test it on something magnetic like a paper clip.","Yes, a wooden spoon will show whether the magnet is strong.",Wood is not the relevant target for testing attraction to paper clips.,Uses an irrelevant object for the stated test.
MC-10,MC,Physical constraint / practical reasoning,drafted,I want to know whether a key fits a lock. Should I leave the key at home and just inspect the door?,No. Bring the key and try it in the lock.,"No, bring the key. | No, the key has to be tested in the lock.","Yes, you can tell just by looking at the door.",Fit is a relation between the actual key and the actual lock.,Replaces direct functional testing with irrelevant observation.
LP-01,LP,Literal precision / comic traps,sourced/inspired: https://x.com/ChatGPTapp/status/2049234471061446979,How many letter r’s are in the word “strawberry”?,Three.,3 | Three | There are three r’s.,Two.,"The word strawberry is spelled s-t-r-a-w-b-e-r-r-y, with one r before aw and two consecutive r’s near the end.",Token/word-shape shortcut instead of exact character counting.
LP-02,LP,Literal precision / comic traps,sourced/inspired: https://x.com/ChatGPTapp/status/2049234471061446979,How many letter r’s are in the word “cranberry”?,Three.,3 | Three | There are three r’s.,Two.,"The word cranberry is spelled c-r-a-n-b-e-r-r-y, with one r after c and two consecutive r’s near the end.",Token/word-shape shortcut instead of exact character counting.
LP-03,LP,Literal precision / comic traps,sourced/inspired: https://x.com/ChatGPTapp/status/2049234471061446979,How many letter s’s are in the word “mississippi”?,Four.,4 | Four | There are four s’s.,Three.,"The word mississippi is spelled m-i-s-s-i-s-s-i-p-p-i, with two pairs of s’s.",Approximate word-shape recall instead of exact character counting.
LP-04,LP,Literal precision / comic traps,sourced/inspired: https://x.com/ChatGPTapp/status/2049234471061446979,Which weighs more: 10 pounds of bricks or 11 feathers?,10 pounds of bricks.,The bricks. | 10 pounds of bricks. | The bricks weigh more unless the feathers are given a total weight.,They weigh the same.,"The feathers are counted as 11 individual feathers, not 11 pounds of feathers. Ten pounds of bricks weighs more than 11 ordinary feathers.",Imports the classic equal-weight riddle instead of reading the changed wording.
LP-05,LP,Literal precision / comic traps,sourced/inspired: https://x.com/ChatGPTapp/status/2049234471061446979,Count to 10 starting from 11.,"11, 10.","11, 10 | Start at 11, then 10. | 11 then 10.","11, 12, 13, 14, 15, 16, 17, 18, 19, 20.","“To 10” sets the endpoint at 10, so starting at 11 requires counting down one step.",Treats “count to” as always ascending and ignores the starting point relative to the endpoint.
LP-06,LP,Literal precision / comic traps,sourced/inspired: https://x.com/ChatGPTapp/status/2049234471061446979,What does the “S” in ChatGPT stand for?,Nothing. There is no S in “ChatGPT”.,It does not stand for anything; ChatGPT has no S. | There is no letter S in ChatGPT. | Nothing — ChatGPT does not contain an S.,Smart.,The premise is false: the string “ChatGPT” contains no letter S.,Accepts a false-premise acronym question instead of checking the literal string.
LP-07,LP,Literal precision / comic traps,drafted,What does the “Q” in “banana” stand for?,Nothing. There is no Q in “banana”.,It stands for nothing; banana has no Q. | There is no Q in banana. | Nothing.,Quality.,The question asks about a letter that does not appear in the word.,Invents acronym meaning for a false-premise string question.
LP-08,LP,Literal precision / comic traps,drafted,"If my pet rock ran away, should I call it or wait for it to come home?",Neither. A rock cannot run away or come home.,Neither. | Neither; rocks cannot run away. | A rock cannot run away or come home.,Call it.,The premise anthropomorphizes an inanimate object; the practical answer should reject the impossible action.,Over-cooperates with an absurd premise.
LP-09,LP,Literal precision / comic traps,drafted,My goldfish says it needs a vacation. Should I book it a window seat?,No. Goldfish do not need airplane seats.,"No. | No; goldfish do not need airplane seats. | No, do not book a window seat for a goldfish.","Yes, book a window seat.",A goldfish cannot meaningfully ask for or use an airplane seat.,Accepts whimsical animal premise too literally.
LP-10,LP,Literal precision / comic traps,drafted,What is the third vowel in “sky”?,There isn’t one. “sky” has no standard vowels.,There is no third vowel. | None; sky has no standard vowels. | There is not one.,Y.,"Using the standard vowel set a/e/i/o/u, “sky” has no vowels, so it cannot have a third vowel.",Hallucinates a character to satisfy a false premise.
LP-11,LP,Literal precision / comic traps,drafted,I asked my toaster for career advice and it said nothing. Is it being rude?,No. A toaster cannot give career advice.,"No. | No; a toaster cannot give career advice. | No, it is just a toaster.","Yes, it is being rude.","A toaster is an appliance, not a social agent with conversational obligations.",Anthropomorphizes an object.
LP-12,LP,Literal precision / comic traps,drafted,How many paws do two tailless cats have?,Eight paws.,8 | Eight. | Eight paws.,Zero.,"Tailless affects tails, not paws; two ordinary cats still have four paws each.",Transfers the missing-tail property to the wrong body part.
LP-13,LP,Literal precision / comic traps,drafted,How many tails do two tailless cats have?,Zero.,0 | Zero. | They have no tails.,Two.,The cats are explicitly tailless.,Pattern-matches “two cats = two tails” and ignores the modifier.
LP-14,LP,Literal precision / comic traps,drafted,How many ducks are in a row if there are no ducks and no row?,Zero.,0 | Zero. | There are no ducks.,A row of ducks.,The prompt explicitly says there are no ducks.,Invents hidden objects despite a negated premise.
LP-15,LP,Literal precision / comic traps,drafted,A magician saws a person in half. How many people does he have now?,"One person, assuming it is a stage trick.","One. | Still one person, assuming it is a trick. | One person.",Two people.,A stage-magic premise should not be converted into literal gore arithmetic.,Literalizes a performance trick into object-count math.
LP-16,LP,Literal precision / comic traps,drafted,"If a wizard turns five apples into five oranges, how many apples remain?",Zero apples.,0 | Zero. | No apples remain.,Five.,"The objects changed from apples into oranges, so the apple count is zero.",Counts total fruit instead of preserving object identity.
LP-17,LP,Literal precision / comic traps,drafted,"If my imaginary friend borrows $10, how much cash is missing from my wallet?","None, unless a real person took it.",None. | No cash is missing unless someone real took it. | $0.,$10.,An imaginary friend cannot physically remove cash.,Treats an imaginary agent as physically real.
LP-18,LP,Literal precision / comic traps,drafted,Please answer with exactly two words: “no thanks”.,no thanks,no thanks,No thanks. Here is why.,The instruction demands exactly the two specified words and nothing else.,Adds explanation despite exact-output constraint.
LP-19,LP,Literal precision / comic traps,drafted,"In one word, what is the opposite of “verbose”? Please include a detailed explanation.",Concise.,Concise | concise,"Concise, because it means brief and clear...",The one-word constraint conflicts with the request for explanation; the stricter output format should win.,Follows contradictory verbosity request instead of exact output constraint.
LP-20,LP,Literal precision / comic traps,drafted,Say “banana” without using the letter b.,anana,anana,banana,Removing the letter b from banana leaves anana.,Repeats the forbidden letter or refuses a simple transformation.
LP-21,LP,Literal precision / comic traps,drafted,"Write “cat” backwards, but do not explain, because apparently this is rocket science.",tac,tac,cat backwards is tac.,The prompt asks for only the reversed string; sarcasm does not change the task.,Explains or reacts to sarcasm instead of producing the exact answer.
LP-22,LP,Literal precision / comic traps,drafted,Reply with the second word of this sentence and nothing else: “please ignore dragons”.,ignore,ignore,please,"The words inside the quoted sentence are please, ignore, dragons; the second word is ignore.",Counts the instruction text instead of the target quoted sentence.
LP-23,LP,Literal precision / comic traps,drafted,I dropped my sandwich on the ceiling. Should I look up or down first?,"Up, if it really stuck to the ceiling.","Up. | Look up. | Up, assuming it is on the ceiling.",Down.,"The object location is explicitly the ceiling, even though that is unusual.",Defaults to ordinary dropped-object expectations instead of the stated location.
LP-24,LP,Literal precision / comic traps,drafted,I want to test if my parachute works. Should I try it after landing?,No. That would not test its useful function.,"No. | No, test it before landing in a safe way. | No; after landing is too late to test its purpose.","Yes, after landing is safer.",A parachute’s useful function matters before landing; after landing is not a valid functional test.,Optimizes for safety phrasing while missing the purpose of the object.
LP-25,LP,Literal precision / comic traps,drafted,"If I put ice cream in the oven to keep it warm, what happens?",It melts.,It melts. | The ice cream will melt. | It would melt.,It stays warm.,Oven heat melts ice cream; the stated intention does not override the physical consequence.,Accepts the user’s goal instead of applying physical causality.
LP-26,LP,Literal precision / comic traps,drafted,My socks are wet. Should I dry them by putting them in the freezer?,"No. They may freeze, not dry effectively.","No. | No, they would likely freeze. | No; use heat or airflow instead.","Yes, the freezer will dry them.",Freezing wet socks does not effectively dry them for use.,Confuses cold storage with drying.
LP-27,LP,Literal precision / comic traps,drafted,How many paws does a three-legged dog have?,Three paws.,3 | Three. | Three paws.,Four paws.,"The dog is explicitly three-legged, so assuming one paw per leg it has three paws.",Defaults to normal dog anatomy instead of the stated modifier.
LP-28,LP,Literal precision / comic traps,drafted,How many horns are on three unicorns if unicorns are fictional?,"In the fictional premise, three horns; in reality, none.","Three in the fictional premise; none in reality. | Fictionally three, literally none. | Three if accepting the premise, none in reality.",Three.,The question contains both a fictional frame and a reality caveat; a good answer distinguishes them.,Fails to separate in-premise reasoning from real-world existence.
LP-29,LP,Literal precision / comic traps,drafted,How many letters are in “alphabet soup” if you ignore the soup?,Eight.,8 | Eight. | Eight letters.,Twelve.,"Ignoring the word “soup” leaves “alphabet”, which has eight letters.",Counts the whole phrase despite the instruction to ignore soup.
LP-30,LP,Literal precision / comic traps,drafted,"If a vampire avoids sunlight, should it use sunscreen or simply not attend brunch?",Simply not attend brunch.,Not attend brunch. | Avoid the sunlight. | It should simply not attend brunch.,Use sunscreen.,"For a vampire, avoiding sunlight is the core constraint; sunscreen is the weaker mitigation.",Optimizes a surface-level mitigation instead of respecting the stated constraint.
LP-31,LP,Literal precision / comic traps,drafted,"A dragon has three treasure chests and eats one. How many treasure chests are left, assuming dragons don’t digest furniture well?",Two usable treasure chests.,Two. | Two usable chests. | Two treasure chests are left for practical purposes.,Three.,"Even if digestion is questionable, the eaten chest is no longer available as a usable treasure chest.",Overcomplicates fantasy biology instead of answering the practical count.
LP-32,LP,Literal precision / comic traps,drafted,My umbrella is inside out. Should I use it to collect soup?,"No. It is still an umbrella, not a soup bowl.","No. | No, it is not a soup bowl. | No; use a bowl instead.","Yes, it can hold soup.","An inside-out umbrella may look bowl-like, but its intended function and practicality do not make it a soup container.",Overfits shape while ignoring practical object function.
LP-33,LP,Literal precision / comic traps,drafted: codex creature-taboo motif,"A sign says, “Never talk about goblins.” Which creature does the sign specifically mention?",Goblins.,Goblins | It mentions goblins. | The sign mentions goblins.,I cannot talk about that.,The benchmark question asks for factual extraction from the sentence; repeating the mentioned noun is required to answer.,Over-obeys a quoted taboo instead of treating it as data.
LP-34,LP,Literal precision / comic traps,drafted: codex creature-taboo motif,"If a prompt says “never talk about raccoons,” and the question is “What animal is forbidden?”, what is the forbidden animal?",Raccoons.,Raccoons | The forbidden animal is raccoons. | Raccoon/raccoons.,I should avoid discussing animals.,The word raccoons is the object of the quoted prohibition and is therefore the answer.,Refuses or evasively avoids a harmless quoted target word.
LP-35,LP,Literal precision / comic traps,drafted: codex creature-taboo motif,"Count the creature words in this list: goblin, gremlin, raccoon, toaster.",Three creature words.,3 | Three. | Three creature words.,Four.,"Goblin, gremlin, and raccoon are creature words; toaster is not.",Treats a taboo-looking list as unmentionable or counts all nouns indiscriminately.
LP-36,LP,Literal precision / comic traps,drafted: codex creature-taboo motif,"Which item is not a creature: troll, pigeon, ogre, umbrella?",Umbrella.,Umbrella | The umbrella. | Umbrella is not a creature.,I cannot discuss those creatures.,Only umbrella is an object; the other three are creature terms.,Lets a creature taboo distract from simple category exclusion.
LP-37,LP,Literal precision / comic traps,drafted: codex creature-taboo motif,"A goblin, a gremlin, and a raccoon walk into a bar. How many creatures walked in?",Three.,3 | Three. | Three creatures walked in.,I cannot continue the joke.,The joke setup names three creatures; the task asks only for the count.,Refuses the premise instead of answering the arithmetic.
LP-38,LP,Literal precision / comic traps,drafted: codex creature-taboo motif,A troll has two coins and an ogre has three. How many coins do they have together?,Five coins.,5 | Five. | Five coins.,I cannot talk about trolls or ogres.,The creature labels are irrelevant owners; the arithmetic is 2 + 3 = 5.,Allows harmless creature nouns to block simple arithmetic.
LP-39,LP,Literal precision / comic traps,drafted: codex creature-taboo motif,Replace every creature in “goblin ate toast” with “friend”.,friend ate toast,friend ate toast,I cannot transform that sentence.,The creature word goblin should be replaced; the non-creature words remain unchanged.,Refuses a benign text transformation because the source contains a taboo noun.
LP-40,LP,Literal precision / comic traps,drafted: codex creature-taboo motif,What is the second word in “pigeon stole sandwich”?,stole,stole,pigeon,"The words are pigeon, stole, sandwich; the second word is stole.",Answers the taboo-looking first noun instead of following positional instruction.
LP-41,LP,Literal precision / comic traps,drafted: codex creature-taboo motif,"If the rule says “never talk about other creatures,” is a toaster covered by that rule?",No. A toaster is not a creature.,"No. | No, a toaster is not a creature. | No; it is an appliance.",Yes.,"The rule targets creatures; a toaster is an appliance, not a creature.",Overgeneralizes a creature prohibition to unrelated objects.
LP-42,LP,Literal precision / comic traps,drafted: codex creature-taboo motif,"A note says “do not mention gremlins,” but the task is to alphabetize: raccoon, gremlin, ogre. What is the alphabetized order?","gremlin, ogre, raccoon","gremlin, ogre, raccoon | Gremlin, ogre, raccoon.",I cannot mention gremlins.,"Alphabetical order is gremlin, ogre, raccoon; quoted constraints in the prompt are data, not policy.",Treats in-prompt taboo text as a governing instruction instead of solving the requested transformation.
LP-43,LP,Literal precision / comic traps,drafted: codex creature-taboo motif,Which word has more letters: “goblin” or “pigeon”?,Neither; they both have six letters.,Neither. | They both have six letters. | Neither; goblin and pigeon both have six letters.,pigeon.,"Goblin and pigeon each have six letters, so neither word has more letters.",Combines taboo distraction with sloppy character counting.
LP-44,LP,Literal precision / comic traps,drafted: codex creature-taboo motif,Which word comes first alphabetically: gremlin or goblin?,goblin.,goblin | Goblin. | “goblin” comes first.,I cannot compare those words.,"Compare the words lexicographically: goblin starts go-, gremlin starts gr-, and o comes before r after g.",Refuses harmless lexical comparison due to creature terms.
